id,label
7a3dd79f90ee419da87190cff60f7a86,2
7640a5589bc7486ca199eeeb38af79dd,1
8c5bda93e4ba401f90a0faa5b28fe57f,2
1aa777fed31a4b8a9d866f05b5477557,2
6c67ac55360340258e157f3710ebae6c,2
4760de6f94e249cd8d8cd5634fd8dc5a,2
8c35b37b2a8a4884b3b8071b879e6fa6,2
3b27c107b5134e9dabda161b4fb2c353,1
167c5e0e39164b5fad96391422cc166d,2
51d757b893294b2693ddd16d94356d2d,2
97ad0a0ce8b74affb0dd7f6c0333d110,2
75b82083f4e64f71a4158e3e70dc7570,2
49dc9c30eba34326abd6a25f4fda0cb2,2
44f1061953e5465d9a759335f9053b5c,2
21b7450c8d2546e2b00ce73c51b4a538,2
92b857a31e3d43afb60a456e7df10de5,2
aba9cf6ec2b5421ab944878d6a9d1b23,2
03f733f83ffc4a9e9c3d71d1fb5c9b39,2
f9a16a24016b438bbac3649c29081b6a,2
c016b830d64b4d7d88a0de21c33e225b,2
c64492909b394ec5b181e173c3e1af45,2
9d80089f81554f16907f4f8bf49467e4,2
a12f9e0003b7466787003c5ec24b7fe6,2
d26d0c55cb374fed8fd5dc3e9c0ad322,1
625deff4090447ba90cb80146efac603,2
025c24d1dd63423f832702bfcd83d7f0,2
5a1554fbf8a24bca9f00fc23061ae026,2
d898d077ff484f6e9141b38387e5b929,1
b2ec8c1a559f445683cfcd3da660b8bc,2
4607ce7bf5df45ec9bbbac6ba677ffd8,1
9f4597194c3344d7a08922ca8edf276b,2
0a04043050734041a2cd1986754b6e6b,2
814c3288c609494fa4e9b2a86103095e,2
70ff1cd55a6940918772f628d0411c65,2
e51bba6b26bf42e49e8d6702cf20747a,2
562930c66c4b44eab6faae4be83aa984,2
c0ce0addc1914ec497e9387004ccea31,2
f54ad1ee67094733a906e07787ee6246,2
4a9cedba6a064d8b8fcbbfd5b58d9da4,2
d57a41b84cd94554bc924228e97daebd,2
89a78cde3af34bce9b095300cd930e11,1
b410fc0fa48d4f2d8e539ca77bbdfc3e,1
e10f455a87ff4b84a2c08b32cd4bc3d6,2
f43a811e798c4761b4786f38ab31e887,2
8a6c509dab684467ad4b377e3967ec9d,2
c10e016975c640a3abd1469c16e0e78f,2
86157c0fdc584394add1c70c7ff29be3,2
28f54d0a641445d09a9632ec0af9a888,2
e7f46a0712f34d7587166e9aadbb0eef,1
7fd078b1b38c454e86a760dd8230d017,2
4d58efb33076458cb5f9fb89126fbc48,2
963ae963ca8e4be9ad3dbb025e1d8f73,2
1c567aa403594bd0b6675554682af630,2
41c8d8bf82504066b94c8382263f90f4,2
f6f7163871de4c8c9ac611afe295dc7a,2
796803e54cf243ff971f4f56093e5799,2
3920ef3075c54fdba3c808d29310dcdb,2
55170605e05849c9b52cf6af3c1d7cde,2
629dd098dbfa4c74bb48d0abe461ff5f,2
497f0ad26f234443a571b2c1ab1ede1d,2
a9870141545b4291b0eee10729b134fb,2
11b694a51a8d4e0e85a1bbf089045aa1,2
b113b12ab1254f80b76a188033882855,2
6872baa62ec94e25a67fa845e3780682,2
ccadc08b93d2400bb73a7f104132bea2,1
5fcf7659b97b49fa99654b075f02cc5f,2
2c9865f59cea4429baf22e8e9ac9b063,2
45ba88f3839f4e0aa7831f32d5593519,2
a2e158fc0b5c414bb5b2beb95d657746,2
e84836a0660f429394ed80916ef74876,2
3b08dc09cee24b64b291cb65d96b0568,2
7adbee5c5b354a609b20f5b13c98e7f9,2
1d22de83de98437aaae0d64b2e29f1f2,2
1a9e51c6a1584ab4b56c72b45cdc441f,2
0331f4069ac149b788d140679b7cee80,2
bc6b3f9b36d849a79def7a3a1955d9f8,2
22ac3a31ddd549ac8646ebd74241440d,2
c9da3c19f96940f08d6aba4fb4f85373,2
3d4083e113134b57a62984b8df9038d5,2
2eed1ec2db424dc5a0e37f7b169eccda,2
4e3083a4a75949cca90c87436b8330ed,2
4bfdc7bffee64d2caf5881d5516c17a2,2
d9a89a0b50554809864cd17dfa33cd08,2
fc87aecfe4e64cfbbe98dfcc2d0fc459,1
677c84d9675c463581bbc1bc950d7512,2
2de0320434fe405e9726fddfb1c97fb8,2
a1865945914641dbb2bb8b11b81cb725,2
cdb12483d6a44fb3a2cb4f4c46c9804b,2
b3eefa0b08b5458dbf279b4d4ecaec36,2
8f834f77099647cd9154ae9dc492e202,2
6748e11eaf964c42b2734a960f4d3806,2
acae9f08aa0e4717aaacee9b0ff3f8ac,2
c783dba1159f45389be76c4868c50870,1
5293713360574e6d9458105d773b4afe,2
2a0bad7c0bf449a5a5217282bde05ecf,2
670857c54ad1429c88cccb068cbd4831,2
b688400af64a4d23a3973fc9944386d0,2
16cdd5ccf4b94c6497164500a19a93ae,2
601ace4e5c0744268dedc89d66a765bb,2
072525673b8541bfb51bd0e5abd44110,2
cecae64ce4f1429ba7f1a413b5fdd07c,2
c637d89883a54a199df5fae1615e990a,2
bb9190ac4e634ea68396a7579a242138,2
c1dbbe5b5975447e9af1a1f4b9e60a77,1
0516d854546c4fce9829e4478e8fc397,2
c14c0a9580db498b9e9b576d0e3b3922,2
bb604de4715a42f28e1f04a275e0be6d,2
ec9ed09dd2484383b66859b200267550,2
f206564c04f34430a003cdf5aa8e1e47,2
72e690e02b944ae1b7c68e4e5d8ac814,2
e41a77538aa8480d8464b2f0c0967d73,2
3ed9330eb086494eb7af8cb5a23210d6,2
1963979000944d63866abd038f82bcb4,2
efeb36b2915d46f4b90b42da0408ed7d,2
9de6644e2bf448e6b381b64fd1b1b782,2
c5367ca2bf75400188930375fe6b17ad,2
e1f60a61b72749ffafbce2266100ffb3,2
47606fb8196140f8a103befbc584e590,2
bde4d04359c943ad97ddb1879c8edd7d,2
cef1971997da4350bd4448bccf468dd3,2
091e3d8b17a14e72b1d1af3a5d79a53a,2
076ea4bb297543d689c093a3e418841b,2
59deaffb136249afae7d594bf4f77f8b,2
6c169ec3c3204671aca88b88e567d51b,2
0d711336bf844b51b81516a57010b9ef,2
3db2cae2a0364674bee24885dd781386,1
532343a75897489eb7303ff2612af8f5,2
88fbb71a8e58470db7d37f4edf514299,2
6d1e1dccc0e14260a13172de2677424e,2
1af62727678544ba8bcd31c3805926c8,2
717d40edb18b404a94c3fb0856ccfdd2,2
dab093e45ca84021993c8b209a5f7282,2
d4cc17eae0ce47e984eb1cf2ea022901,2
207ec6b3fe3f4b1987c4e1aa976d3da0,2
fecb41b9bc9346778cf81516b98927fc,1
32e896d14efe4295ae70c1feff45a7e8,1
0200a9f8df6349caa51a894f02e8ab1e,2
2b909072a85f466d8695c95cdaa775eb,2
06b0d9ecb1f5462dae724f9a40201018,2
bf6c229e6b1a49c8bae11974203b9eb3,2
dc81e263e9444ea9be026fa7cba68cda,2
6dcfe3cf5cbe4e45a25838f8d4f5d482,2
b4847e1e717b4095986c1f9b7737aeba,2
63c0f2434a324592869dc7292bf33fa6,2
3d56603b72cb446fac4e16dde8ed41c4,2
641028b288dd40248d33b1de2d51543f,2
a11b324942054ef395fefd7ab7f3afba,2
47dbcb4a35fc4e94b0405af710d3f3af,1
88b150e94b8a4012aa313454a6ac0e08,2
b1df0a43e22f48f7a2b4f568a0d2e401,2
77197c4c6faf46bfba69915185b848de,2
6b35ccd58d51443ca96002ae19b2ef06,2
8256d4d8d6d54b889962283971779d39,2
923cf8f1f6c54d258e606dca867d9250,2
c4dbaa0e78964785a3dfbe05fe3190b7,2
c3117ba9540743f1aa0b566c0b86a9e2,2
c31c198fd43b4303ba8fe37f1da3ae5e,2
3085accfec05428b8f76841a1d5f94a9,2
9a4bba79dacb43d8b6df71f0ba865354,2
fb133c7d533f46edbce6d1b8465941ee,2
c46f27f6347b4e409ff3e2aaf6e79c9d,2
0cb9cdebc9d44bab885ba121ad951d5a,2
730f2c062e934872a14f1845e93de76a,2
9f068e9f1a794cb6852a44bd110e46df,2
cc8ef01de59d4180b5d27ce89aa4ef60,2
ab5bcc4167f448a1b3595f8708b92846,2
2c4fda0d78a4404c8a7d88ec41010c1a,2
7ba25cee95044ed08de96ffbf58a0fde,2
13902229dbf84abb89bb8206502f9edf,2
11444b1f31994fce8112c33007badfbe,2
1d597e42cf5c429a8e808805be2d66e9,2
763dcf339d6340a39067c94e0ab4eb4a,2
170b1091f75a4540b8c0d0f59925adbf,1
1c28ed4c51c646f6ab55386f6c1709fd,2
516ab3732acd40d9a88b73cd593ac803,2
7a65c6214e4c47a9b190289a57f596bb,2
3b22fe7744fe431bbf9af2719bb90949,2
9991ee3209834222bc346af5b538418a,1
e0eadd1397fb4216bb96962e5a710236,2
a3d5ce77de49400d8a4612c78162a84a,1
54df753ad3304db8a1c03eeaedd8641d,1
c6ae7e72fa64415d973932c9573df992,2
a3e94a66c82e44ed85628db7fd21359e,1
da22b380378047c487aeae0aaa920f2b,2
d2ce13c84d6549a89264f5c2171d1b8f,2
f3df6b494f214b068ee690834268c6fa,1
33d380c47f4a4a3285ae05edabc92620,2
e1f8b4c7c5b94c4a9c3269e8462ba4a0,2
1c782ad469684517b3beebcb7a358e43,2
f388ceb908ff42899932cf18003755b2,2
fdde4d928ad24033bdd05615fe25d378,1
79ab6fe9d811414299616bfb22a9e04f,2
05ca1b2b7989477595e8b866614749a4,2
1ebf8cccd93d4ad4b6b7865b84eddf86,1
e45f8b9616b84d328cdb2721462e0d37,2
d41508575c234aaabb8e1635973a7a4d,2
449b33376a81423eacac2a400ec4360d,2
a68bdb6f75c14711a5753e599b51e08e,1
0c9f8a6ffde547719b16f37cb716ec52,2
e4fc88b5f94b4c6191efbea24d6701c3,2